<?xml version="1.0" encoding="UTF-8"?>
<PriorAuthorizeResponse xmlns="http://www.state.mn.us.dhs/DHSSchema">
    <out>
        <AuthRequestXML>
            <auth_category_type>1</auth_category_type>
            <requester_id>A342517700</requester_id>
            <requester_first_name/>
            <requester_addr>444 LAFAYETTE RD 3849</requester_addr>
            <requester_city_nme>ST PAUL</requester_city_nme>
            <requester_st_cd>MN</requester_st_cd>
            <requester_zip_cd>55155</requester_zip_cd>
            <requester_contact_last_name>lastName test</requester_contact_last_name>
            <requester_contact_first_name>FirstName test</requester_contact_first_name>
            <requester_home_care_tribe_id/>
            <subscriber_id>00000192</subscriber_id>
            <subscriber_birth_dt>01012020</subscriber_birth_dt>
            <subscriber_first_name>test SF</subscriber_first_name>
            <subscriber_last_name>test SL</subscriber_last_name>
            <subscriber_middle_name/>
            <subscriber_gender>1</subscriber_gender>
            <cert_type>Initial</cert_type>
            <hcsa_assessment_dt>01012020</hcsa_assessment_dt>
            <patient_event_trace_number/>
            <validRequest>true</validRequest>
            <priorAuthNumber>0</priorAuthNumber>
            <lastupdatedate>20559</lastupdatedate>
            <service_line>
                <begin_date>20546</begin_date>
                <end_date>20575</end_date>
                <procedure_performed>T1031</procedure_performed>
                <units>1</units>
                <total_amount>29.175</total_amount>
                <hcsa_service_frequency/>
                <model_number/>
                <service_provider_npi_umpi>A342517700</service_provider_npi_umpi>
                <service_provider_first_name/>
                <service_tooth_number/>
                <prosthesis>1</prosthesis>
                <validRequest>true</validRequest>
                <serv_line_key>1</serv_line_key>
            </service_line>
        </AuthRequestXML>
        <Errors>
            <ErrorCode>254</ErrorCode>
            <ErrorDescription>Lines 01</ErrorDescription>
            <ErrorRemark>M76</ErrorRemark>
            <ErrorInternalStatus>4</ErrorInternalStatus>
            <ErrorInternalCode>205</ErrorInternalCode>
            <ErrorInternalDescription>PRIMARY DIAG CODE MISS</ErrorInternalDescription>
            <ErrorReqPA>true</ErrorReqPA>
        </Errors>
        <Errors>
            <ErrorCode>132</ErrorCode>
            <ErrorDescription>Lines 00</ErrorDescription>
            <ErrorRemark>N280</ErrorRemark>
            <ErrorInternalStatus>3</ErrorInternalStatus>
            <ErrorInternalCode>300</ErrorInternalCode>
            <ErrorInternalDescription>PROV NOT ON FILE</ErrorInternalDescription>
            <ErrorReqPA>true</ErrorReqPA>
        </Errors>
        <Errors>
            <ErrorCode>124</ErrorCode>
            <ErrorDescription>Lines 00</ErrorDescription>
            <ErrorRemark>N280</ErrorRemark>
            <ErrorInternalStatus>3</ErrorInternalStatus>
            <ErrorInternalCode>164</ErrorInternalCode>
            <ErrorInternalDescription>PROV NAME IS SPACES</ErrorInternalDescription>
            <ErrorReqPA>true</ErrorReqPA>
        </Errors>
        <AuthResponseXML>
            <confirmation_id>01059402007</confirmation_id>
            <PAServiceResponseCode>PA_INVALID</PAServiceResponseCode>
        </AuthResponseXML>
    </out>
</PriorAuthorizeResponse>